-- phpMyAdmin SQL Dump
-- version 3.5.2.2
-- http://www.phpmyadmin.net
--
-- Client: 127.0.0.1
-- Généré le: Mer 20 Mars 2013 à 15:35
-- Version du serveur: 5.5.27-log
-- Version de PHP: 5.4.6

SET SQL_MODE="NO_AUTO_VALUE_ON_ZERO";
SET time_zone = "+00:00";


/*!40101 SET @OLD_CHARACTER_SET_CLIENT=@@CHARACTER_SET_CLIENT */;
/*!40101 SET @OLD_CHARACTER_SET_RESULTS=@@CHARACTER_SET_RESULTS */;
/*!40101 SET @OLD_COLLATION_CONNECTION=@@COLLATION_CONNECTION */;
/*!40101 SET NAMES utf8 */;

--
-- Base de données: `tele`
--

-- --------------------------------------------------------

--
-- Structure de la table `chaine`
--

CREATE TABLE IF NOT EXISTS `chaine` (
  `chaine_id` smallint(6) NOT NULL AUTO_INCREMENT,
  `nom_chaine` varchar(20) DEFAULT NULL,
  `adresse` varchar(20) NOT NULL,
  `code_postal` char(5) NOT NULL,
  `ville` varchar(30) NOT NULL,
  `telephone` char(14) NOT NULL,
  `chaine_cablee` bit(1) NOT NULL,
  `fax` char(14) DEFAULT NULL,
  PRIMARY KEY (`chaine_id`)
) ENGINE=InnoDB DEFAULT CHARSET=latin1;

--
-- Contenu de la table `chaine`
--

INSERT INTO `chaine` (`chaine_id`, `nom_chaine`, `adresse`, `code_postal`, `ville`, `telephone`, `chaine_cablee`, `fax`) VALUES
(1, 'tf1', '1 quai point du jour', '92100', 'boulogne billancourt', '0141411234', b'0', NULL),
(2, 'france 2', '7 espl. h de france', '75907', 'paris', '0156224242', b'0', NULL),
(3, 'france 3', '2 rue gaetan rondeau', '44200', 'nantes', '0240994444', b'0', '0240994455'),
(4, 'canal +', '85 qu andre citroen', '75015', 'paris', '0144251000', b'0', '0144251234'),
(5, 'arte', '2 rue de la fonderie', '67000', 'strasbourg', '0388142222', b'0', NULL),
(6, 'm 6', '89 av ch de gaulle', '92575', 'neuilly sur seine', '0141926000', b'0', '0141926610'),
(7, 'rtl 9', '22 rue bayard', '75008', 'paris', '0140704070', b'1', NULL),
(8, 'tmc', '51 bd chapelle', '75010', 'paris', '0148781616', b'1', '0148781671'),
(9, 'tv 5', '19 r cognacq jay', '75007', 'paris', '0144185555', b'1', '0144185505'),
(10, 'eurosport', 'imm. quai ouest', '92100', 'boulogne billancourt', '0146106100', b'1', '0146106161'),
(11, 'cine cinema', '89 av ch de gaulle', '92200', 'neuilly sur seine', '0146404400', b'1', NULL),
(12, 'cinestar', '87 rue des rosiers', '92500', 'rueil malmaison', '0147497171', b'1', '0147499360'),
(13, 'paris premiere', '14 pl vins de france', '75012', 'paris', '0153448282', b'1', '0153448249'),
(14, 'canal jimmy', '18 rue des platanes', '75036', 'paris', '0154235847', b'1', NULL);

-- --------------------------------------------------------

--
-- Structure de la table `programmation`
--

CREATE TABLE IF NOT EXISTS `programmation` (
  `chaine_id` smallint(6) NOT NULL,
  `programme_id` smallint(6) NOT NULL,
  `date_diffusion` datetime NOT NULL,
  PRIMARY KEY (`chaine_id`,`programme_id`,`date_diffusion`),
  KEY `fk_programmation_programme_id` (`programme_id`)
) ENGINE=InnoDB DEFAULT CHARSET=latin1;

--
-- Contenu de la table `programmation`
--

INSERT INTO `programmation` (`chaine_id`, `programme_id`, `date_diffusion`) VALUES
(1, '1', '1999-03-14 20:50:00'),
(3, '10', '1999-03-14 14:25:00'),
(2, '100', '1999-03-19 00:30:00'),
(12, '100', '1999-03-14 11:05:00'),
(12, '100', '1999-03-15 22:35:00'),
(12, '100', '1999-03-16 13:05:00'),
(12, '100', '1999-03-19 15:45:00'),
(1, '101', '1999-03-19 20:50:00'),
(1, '102', '1999-03-19 23:10:00'),
(2, '103', '1999-03-15 17:50:00'),
(2, '103', '1999-03-16 17:50:00'),
(2, '103', '1999-03-18 09:00:00'),
(2, '103', '1999-03-19 17:50:00'),
(2, '104', '1999-03-19 22:55:00'),
(2, '106', '1999-03-19 20:55:00'),
(3, '107', '1999-03-15 13:50:00'),
(3, '107', '1999-03-16 13:50:00'),
(3, '107', '1999-03-17 13:50:00'),
(3, '107', '1999-03-18 13:50:00'),
(3, '107', '1999-03-19 13:50:00'),
(3, '108', '0000-00-00 00:00:00'),
(3, '109', '1999-03-19 23:30:00'),
(3, '11', '1999-03-14 22:50:00'),
(3, '110', '0000-00-00 00:00:00'),
(3, '111', '0000-00-00 00:00:00'),
(4, '111', '1999-03-14 22:30:00'),
(4, '112', '1999-03-16 15:10:00'),
(4, '112', '1999-03-19 08:10:00'),
(4, '113', '0000-00-00 00:00:00'),
(4, '113', '1999-03-14 02:35:00'),
(4, '114', '0000-00-00 00:00:00'),
(4, '115', '1999-03-19 22:35:00'),
(4, '116', '1999-03-16 16:45:00'),
(4, '116', '1999-03-19 02:05:00'),
(6, '118', '1999-03-19 13:30:00'),
(5, '119', '1999-03-19 23:50:00'),
(4, '12', '1999-03-14 10:00:00'),
(4, '12', '1999-03-15 20:40:00'),
(4, '12', '1999-03-18 09:00:00'),
(6, '120', '1999-03-19 20:50:00'),
(6, '121', '1999-03-19 22:45:00'),
(5, '122', '1999-03-19 20:45:00'),
(7, '123', '1999-03-19 22:30:00'),
(8, '124', '1999-03-19 20:55:00'),
(11, '125', '1999-03-15 15:40:00'),
(11, '125', '1999-03-17 14:25:00'),
(11, '125', '1999-03-19 21:00:00'),
(11, '126', '1999-03-17 01:45:00'),
(11, '126', '1999-03-19 02:25:00'),
(12, '127', '1999-03-16 07:35:00'),
(12, '127', '1999-03-19 21:20:00'),
(12, '128', '1999-03-16 18:50:00'),
(12, '128', '1999-03-18 10:20:00'),
(12, '128', '1999-03-19 23:00:00'),
(12, '129', '1999-03-16 02:10:00'),
(12, '129', '1999-03-19 02:35:00'),
(4, '13', '1999-03-14 18:00:00'),
(4, '13', '1999-03-17 10:15:00'),
(1, '130', '1999-03-16 20:50:00'),
(1, '131', '1999-03-16 23:40:00'),
(2, '132', '1999-03-15 19:20:00'),
(2, '132', '1999-03-16 19:20:00'),
(2, '132', '1999-03-17 19:20:00'),
(2, '132', '1999-03-18 19:20:00'),
(2, '132', '1999-03-19 19:20:00'),
(2, '133', '1999-03-16 20:55:00'),
(2, '134', '1999-03-16 22:45:00'),
(3, '135', '1999-03-16 16:10:00'),
(9, '135', '1999-03-17 16:30:00'),
(3, '136', '1999-03-15 18:50:00'),
(3, '136', '1999-03-16 18:50:00'),
(3, '136', '1999-03-18 18:45:00'),
(3, '136', '1999-03-19 18:50:00'),
(3, '137', '1999-03-16 20:50:00'),
(3, '138', '1999-03-16 23:30:00'),
(4, '139', '1999-03-14 04:15:00'),
(4, '139', '1999-03-16 09:00:00'),
(4, '14', '1999-03-14 20:35:00'),
(4, '140', '1999-03-14 08:20:00'),
(4, '140', '1999-03-16 10:50:00'),
(4, '141', '1999-03-16 13:35:00'),
(4, '142', '1999-03-16 00:30:00'),
(4, '143', '1999-03-16 18:15:00'),
(6, '144', '1999-03-16 13:55:00'),
(6, '145', '1999-03-14 02:55:00'),
(6, '145', '1999-03-14 20:05:00'),
(6, '145', '1999-03-16 20:40:00'),
(6, '146', '1999-03-16 22:50:00'),
(6, '147', '1999-03-16 20:50:00'),
(5, '148', '1999-03-16 21:45:00'),
(7, '149', '1999-03-16 20:40:00'),
(5, '15', '1999-03-14 14:00:00'),
(8, '150', '1999-03-16 20:55:00'),
(7, '151', '1999-03-16 00:00:00'),
(13, '152', '1999-03-16 21:00:00'),
(13, '153', '1999-03-16 22:30:00'),
(13, '154', '1999-03-16 01:15:00'),
(7, '155', '1999-03-16 22:20:00'),
(11, '156', '1999-03-14 01:30:00'),
(11, '156', '1999-03-16 20:30:00'),
(11, '156', '1999-03-18 22:55:00'),
(11, '157', '1999-03-14 23:45:00'),
(11, '157', '1999-03-16 22:00:00'),
(11, '157', '1999-03-18 08:45:00'),
(12, '158', '1999-03-16 20:30:00'),
(12, '158', '1999-03-18 23:45:00'),
(12, '159', '1999-03-16 22:15:00'),
(12, '159', '1999-03-18 15:15:00'),
(12, '159', '1999-03-19 12:05:00'),
(6, '16', '1999-03-14 12:20:00'),
(1, '160', '1999-03-18 20:50:00'),
(1, '161', '1999-03-18 22:40:00'),
(2, '162', '1999-03-15 09:30:00'),
(2, '162', '1999-03-16 09:30:00'),
(2, '162', '1999-03-18 09:30:00'),
(2, '162', '1999-03-19 09:30:00'),
(2, '163', '1999-03-18 20:55:00'),
(2, '164', '1999-03-18 23:10:00'),
(3, '165', '1999-03-15 08:40:00'),
(3, '165', '1999-03-16 08:40:00'),
(3, '165', '1999-03-18 08:35:00'),
(3, '165', '1999-03-19 08:35:00'),
(3, '166', '1999-03-18 16:05:00'),
(3, '167', '1999-03-15 17:45:00'),
(3, '167', '1999-03-16 17:45:00'),
(3, '167', '1999-03-18 17:45:00'),
(3, '167', '1999-03-19 17:45:00'),
(3, '168', '1999-03-15 20:35:00'),
(3, '168', '1999-03-16 20:35:00'),
(3, '168', '1999-03-17 20:35:00'),
(3, '168', '1999-03-18 20:35:00'),
(3, '168', '1999-03-19 20:35:00'),
(3, '169', '1999-03-18 20:55:00'),
(6, '17', '1999-03-14 23:20:00'),
(4, '170', '1999-03-18 11:00:00'),
(4, '171', '1999-03-14 14:55:00'),
(4, '171', '1999-03-18 13:55:00'),
(4, '172', '1999-03-18 20:40:00'),
(4, '173', '1999-03-18 22:10:00'),
(5, '174', '1999-03-18 14:30:00'),
(6, '175', '1999-03-18 13:30:00'),
(6, '176', '1999-03-18 20:50:00'),
(6, '177', '1999-03-18 22:45:00'),
(5, '178', '1999-03-18 23:50:00'),
(5, '179', '1999-03-18 20:45:00'),
(6, '18', '1999-03-14 20:50:00'),
(6, '18', '1999-03-16 00:10:00'),
(7, '180', '1999-03-18 20:40:00'),
(7, '181', '1999-03-18 22:45:00'),
(8, '182', '1999-03-18 20:55:00'),
(11, '184', '1999-03-14 18:00:00'),
(11, '184', '1999-03-16 11:25:00'),
(11, '184', '1999-03-18 20:30:00'),
(12, '185', '1999-03-18 20:30:00'),
(12, '185', '1999-03-19 14:15:00'),
(12, '186', '1999-03-15 15:25:00'),
(12, '186', '1999-03-17 11:45:00'),
(12, '186', '1999-03-18 22:05:00'),
(12, '187', '1999-03-17 20:40:00'),
(12, '187', '1999-03-18 17:25:00'),
(5, '19', '1999-03-14 20:40:00'),
(1, '2', '1999-03-14 00:05:00'),
(7, '20', '1999-03-14 20:40:00'),
(11, '21', '1999-03-14 14:20:00'),
(11, '21', '1999-03-17 12:10:00'),
(11, '22', '1999-03-14 22:15:00'),
(11, '22', '1999-03-15 08:20:00'),
(11, '22', '1999-03-17 03:05:00'),
(11, '22', '1999-03-19 00:55:00'),
(8, '23', '1999-03-14 19:35:00'),
(4, '24', '1999-03-17 21:00:00'),
(7, '25', '1999-03-14 22:25:00'),
(9, '26', '1999-03-14 22:15:00'),
(9, '26', '1999-03-15 14:15:00'),
(9, '26', '1999-03-15 18:15:00'),
(8, '27', '1999-03-14 20:35:00'),
(13, '28', '1999-03-14 21:00:00'),
(9, '29', '1999-03-14 21:05:00'),
(1, '3', '1999-03-14 12:20:00'),
(1, '3', '1999-03-15 12:15:00'),
(1, '3', '1999-03-16 12:15:00'),
(1, '3', '1999-03-17 12:15:00'),
(1, '3', '1999-03-18 12:15:00'),
(1, '3', '1999-03-19 12:15:00'),
(13, '30', '1999-03-14 01:35:00'),
(12, '31', '1999-03-14 22:40:00'),
(12, '31', '1999-03-17 17:05:00'),
(12, '31', '1999-03-19 00:45:00'),
(12, '32', '1999-03-14 20:30:00'),
(12, '32', '1999-03-16 14:50:00'),
(12, '32', '1999-03-17 09:35:00'),
(1, '33', '1999-03-17 20:35:00'),
(1, '34', '1999-03-15 18:30:00'),
(1, '34', '1999-03-16 18:30:00'),
(1, '34', '1999-03-17 18:25:00'),
(1, '34', '1999-03-18 18:30:00'),
(2, '35', '1999-03-15 09:05:00'),
(2, '35', '1999-03-16 09:05:00'),
(2, '35', '1999-03-17 09:05:00'),
(2, '35', '1999-03-18 09:05:00'),
(2, '35', '1999-03-19 09:05:00'),
(2, '36', '1999-03-15 11:40:00'),
(2, '36', '1999-03-16 04:10:00'),
(2, '36', '1999-03-16 11:40:00'),
(2, '36', '1999-03-17 11:40:00'),
(2, '36', '1999-03-18 11:40:00'),
(2, '36', '1999-03-19 11:40:00'),
(2, '37', '1999-03-17 13:50:00'),
(2, '38', '1999-03-15 15:55:00'),
(2, '38', '1999-03-16 15:50:00'),
(2, '38', '1999-03-17 15:55:00'),
(2, '38', '1999-03-18 16:00:00'),
(2, '38', '1999-03-19 15:50:00'),
(2, '39', '1999-03-16 16:45:00'),
(2, '39', '1999-03-17 16:35:00'),
(2, '39', '1999-03-18 16:40:00'),
(2, '39', '1999-03-19 16:45:00'),
(1, '4', '1999-03-14 16:50:00'),
(2, '40', '1999-03-17 20:55:00'),
(2, '41', '1999-03-17 22:40:00'),
(3, '42', '1999-03-15 11:30:00'),
(3, '42', '1999-03-16 11:30:00'),
(3, '42', '1999-03-17 11:30:00'),
(3, '42', '1999-03-19 11:30:00'),
(3, '43', '1999-03-14 10:15:00'),
(3, '43', '1999-03-17 17:45:00'),
(3, '44', '1999-03-17 23:25:00'),
(3, '45', '1999-03-17 20:50:00'),
(4, '46', '1999-03-17 09:00:00'),
(4, '47', '0000-00-00 00:00:00'),
(4, '47', '1999-03-17 22:30:00'),
(4, '48', '1999-03-17 01:15:00'),
(4, '48', '1999-03-19 16:05:00'),
(5, '49', '1999-03-17 17:00:00'),
(1, '5', '1999-03-14 19:25:00'),
(1, '5', '1999-03-17 16:30:00'),
(6, '50', '1999-03-17 17:30:00'),
(5, '51', '1999-03-17 20:00:00'),
(6, '52', '1999-03-17 20:50:00'),
(6, '53', '1999-03-17 22:35:00'),
(8, '54', '1999-03-17 17:15:00'),
(12, '55', '1999-03-17 22:30:00'),
(12, '55', '1999-03-19 09:05:00'),
(2, '56', '1999-03-15 12:20:00'),
(2, '56', '1999-03-16 12:20:00'),
(2, '56', '1999-03-17 12:20:00'),
(2, '56', '1999-03-18 12:20:00'),
(2, '56', '1999-03-19 12:20:00'),
(9, '56', '1999-03-15 17:05:00'),
(9, '56', '1999-03-16 17:05:00'),
(9, '56', '1999-03-17 17:05:00'),
(9, '56', '1999-03-18 17:05:00'),
(9, '56', '1999-03-19 17:05:00'),
(3, '57', '1999-03-15 18:20:00'),
(3, '57', '1999-03-17 18:20:00'),
(3, '57', '1999-03-18 18:20:00'),
(3, '57', '1999-03-19 18:20:00'),
(9, '57', '1999-03-14 17:30:00'),
(9, '57', '1999-03-15 17:30:00'),
(9, '57', '1999-03-16 17:30:00'),
(9, '57', '1999-03-17 17:30:00'),
(9, '57', '1999-03-18 17:30:00'),
(9, '57', '1999-03-19 17:30:00'),
(7, '58', '1999-03-17 20:40:00'),
(3, '59', '1999-03-16 08:40:00'),
(11, '59', '1999-03-15 17:45:00'),
(11, '59', '1999-03-17 22:20:00'),
(2, '6', '1999-03-14 14:10:00'),
(9, '6', '1999-03-14 18:15:00'),
(13, '60', '1999-03-17 21:00:00'),
(12, '61', '1999-03-14 18:05:00'),
(12, '61', '1999-03-15 13:15:00'),
(12, '61', '1999-03-17 15:20:00'),
(12, '61', '1999-03-18 12:05:00'),
(11, '62', '1999-03-15 09:50:00'),
(11, '62', '1999-03-17 20:30:00'),
(11, '62', '1999-03-19 23:05:00'),
(8, '63', '1999-03-17 20:55:00'),
(8, '64', '1999-03-17 23:25:00'),
(11, '65', '1999-03-14 07:30:00'),
(11, '65', '1999-03-15 01:10:00'),
(11, '65', '1999-03-17 16:30:00'),
(1, '66', '1999-03-15 13:50:00'),
(1, '66', '1999-03-15 14:00:00'),
(1, '66', '1999-03-16 13:50:00'),
(1, '66', '1999-03-17 13:50:00'),
(1, '66', '1999-03-18 13:50:00'),
(1, '66', '1999-03-19 13:50:00'),
(1, '67', '1999-03-15 20:50:00'),
(1, '68', '1999-03-15 14:40:00'),
(1, '68', '1999-03-16 14:40:00'),
(1, '68', '1999-03-18 14:40:00'),
(1, '68', '1999-03-19 14:40:00'),
(1, '69', '1999-03-15 22:35:00'),
(2, '7', '1999-03-14 18:05:00'),
(1, '70', '1999-03-15 17:15:00'),
(1, '70', '1999-03-16 17:15:00'),
(1, '70', '1999-03-18 17:15:00'),
(1, '70', '1999-03-19 17:15:00'),
(2, '71', '1999-03-15 13:55:00'),
(2, '72', '1999-03-15 16:45:00'),
(2, '73', '1999-03-15 20:55:00'),
(2, '74', '1999-03-15 00:25:00'),
(2, '75', '1999-03-15 08:35:00'),
(2, '75', '1999-03-16 08:35:00'),
(2, '75', '1999-03-17 08:35:00'),
(2, '75', '1999-03-18 08:35:00'),
(2, '75', '1999-03-19 08:35:00'),
(3, '76', '1999-03-15 14:55:00'),
(3, '77', '1999-03-15 20:05:00'),
(3, '77', '1999-03-16 20:05:00'),
(3, '77', '1999-03-17 20:05:00'),
(3, '77', '1999-03-18 20:05:00'),
(3, '77', '1999-03-19 20:05:00'),
(3, '78', '1999-03-15 23:30:00'),
(3, '79', '1999-03-15 20:55:00'),
(2, '8', '1999-03-14 19:25:00'),
(4, '80', '1999-03-15 22:40:00'),
(4, '81', '1999-03-15 13:35:00'),
(4, '81', '1999-03-18 16:30:00'),
(4, '82', '1999-03-15 10:10:00'),
(4, '82', '1999-03-15 16:40:00'),
(4, '82', '1999-03-18 13:35:00'),
(4, '83', '1999-03-15 15:45:00'),
(4, '83', '1999-03-18 07:55:00'),
(5, '84', '1999-03-15 16:30:00'),
(6, '85', '1999-03-15 13:30:00'),
(5, '86', '1999-03-15 22:10:00'),
(6, '87', '1999-03-15 20:55:00'),
(2, '88', '1999-03-16 13:50:00'),
(2, '88', '1999-03-18 13:50:00'),
(2, '88', '1999-03-19 13:50:00'),
(7, '88', '1999-03-15 15:15:00'),
(7, '88', '1999-03-16 15:15:00'),
(7, '88', '1999-03-17 15:15:00'),
(7, '88', '1999-03-18 15:15:00'),
(7, '88', '1999-03-19 15:15:00'),
(7, '89', '1999-03-15 20:40:00'),
(2, '9', '1999-03-14 20:55:00'),
(7, '90', '1999-03-15 22:30:00'),
(8, '91', '1999-03-15 20:55:00'),
(9, '92', '1999-03-15 22:15:00'),
(9, '92', '1999-03-16 14:15:00'),
(9, '92', '1999-03-16 18:15:00'),
(8, '93', '1999-03-15 22:40:00'),
(13, '94', '1999-03-15 21:00:00'),
(10, '95', '1999-03-15 19:00:00'),
(10, '96', '1999-03-15 00:30:00'),
(11, '97', '1999-03-15 20:30:00'),
(11, '97', '1999-03-17 07:30:00'),
(11, '98', '0000-00-00 00:00:00'),
(11, '98', '1999-03-17 09:15:00'),
(12, '99', '1999-03-15 20:30:00'),
(12, '99', '1999-03-17 08:00:00');

-- --------------------------------------------------------

--
-- Structure de la table `programmes`
--

CREATE TABLE IF NOT EXISTS `programmes` (
  `programme_id` smallint(6) NOT NULL AUTO_INCREMENT,
  `realisateur_id` smallint(6) NOT NULL,
  `type_id` smallint(10) NOT NULL,
  `duree` smallint(6) NOT NULL,
  `nom_programme` varchar(25) NOT NULL,
  PRIMARY KEY (`programme_id`),
  KEY `fk_programm_realiseur_id` (`realisateur_id`),
  KEY `fk_programm_type_id` (`type_id`)
) ENGINE=InnoDB DEFAULT CHARSET=latin1;

--
-- Contenu de la table `programmes`
--

INSERT INTO `programmes` (`programme_id`, `realisateur_id`, `type_id`, `duree`, `nom_programme`) VALUES
('1', 1, '2', 165, 'braveheart'),
('10', 9, '1', 145, 'sports dimanche'),
('100', 59, '2', 105, 'randonnee pr un tueur'),
('101', 151, '1', 140, 'les ptites canailles'),
('102', 152, '1', 110, 'sans aucun doute'),
('103', 132, '1', 55, 'hartley coeurs a vif'),
('104', 153, '1', 75, 'bouillon de culture'),
('105', 155, '1', 135, 'qu est il arrive a b jane'),
('106', 154, '1', 120, 'p.j.:baby-sitter'),
('107', 129, '1', 55, 'on s occupe de vous'),
('108', 156, '1', 105, 'le retour du pere'),
('109', 159, '1', 60, 'ls dossiers de l histoire'),
('11', 10, '1', 60, 'politique dimanche'),
('110', 157, '1', 65, 'thalassa'),
('111', 176, '1', 95, 'l equipe du dimanche'),
('112', 75, '1', 50, '1 an de +'),
('113', 160, '2', 105, 'le festin chinois'),
('114', 161, '1', 90, 'tempete ds un verre d eau'),
('115', 162, '1', 25, 'en route pr ls oscars'),
('116', 174, '1', 85, 'm kael ctre w n compagny'),
('117', 163, '1', 85, 'menteur menteur'),
('118', 164, '2', 105, 'un troublant secret'),
('119', 167, '1', 105, 'les sables mouvants'),
('12', 11, '1', 115, 'on connait la chanson'),
('120', 165, '1', 115, 'mister biz'),
('121', 166, '2', 110, 'x-files'),
('122', 141, '2', 90, 'prise d otages en direct'),
('123', 169, '3', 95, 'joy a moscou'),
('124', 168, '2', 105, 'detours amoureux'),
('125', 170, '2', 125, 'seven'),
('126', 175, '3', 75, 'le gang des violeuses'),
('127', 13, '1', 100, 'le cercle des amies'),
('128', 171, '1', 105, 'trois places pr le 26'),
('129', 93, '3', 95, 'les nuits avec cherry'),
('13', 13, '2', 110, 'les annees rebelles'),
('130', 53, '1', 120, 'les visiteurs'),
('131', 62, '1', 60, 'ouragan chez ls brock'),
('132', 65, '1', 40, 'qui est qui ?'),
('133', 110, '1', 95, 'les montagnes bleues (2)'),
('134', 66, '1', 95, 'la vie a l endroit'),
('135', 68, '1', 30, 'grands ;urmands'),
('136', 69, '1', 5, 'un livre un jour'),
('137', 70, '1', 145, 'bouvard du rire'),
('138', 71, '1', 55, 'nimbus'),
('139', 72, '1', 110, 'looking for richard'),
('14', 12, '1', 115, 'the end of violence'),
('140', 73, '1', 100, 'haute trahison'),
('141', 74, '2', 90, 'la fille d en face'),
('142', 78, '1', 95, 'oiseau plumage de cristal'),
('143', 79, '1', 375, 'foot:jour d europe'),
('144', 80, '1', 95, 'la trahison du pere'),
('145', 81, '1', 10, 'e=m6'),
('146', 83, '2', 80, 'la nuit du mal'),
('147', 82, '1', 120, 'ls chemins impossibles'),
('148', 84, '1', 200, 'georges perec'),
('149', 85, '2', 100, 'meurtres sur repondeur'),
('15', 14, '1', 60, 'les carnets de noe'),
('150', 88, '1', 100, 'hocus pocus'),
('151', 87, '3', 95, 'confessions erotiques'),
('152', 94, '1', 90, 'le gai savoir'),
('153', 95, '1', 105, 'etats d ame'),
('154', 96, '3', 50, 'courts particuliers'),
('155', 86, '2', 100, 'contact mortel'),
('156', 89, '1', 90, 'de la neige pour noel ?'),
('157', 90, '2', 110, 'nom de code : nina'),
('158', 91, '2', 105, 'billy bathgate'),
('159', 92, '1', 130, 'le nom de la rose'),
('16', 15, '1', 30, 'sports evenement:stockcar'),
('160', 124, '1', 110, 'navarro'),
('161', 123, '2', 110, 'piege a domicile'),
('162', 125, '1', 80, 'c est au programme'),
('163', 126, '1', 125, 'envoye special'),
('164', 127, '3', 105, 'les grand fusil'),
('165', 128, '1', 70, 'un jour en france'),
('166', 130, '1', 35, 'cote jardins'),
('167', 131, '1', 35, 'le kadox'),
('168', 9, '1', 10, 'tout le sport'),
('169', 133, '2', 150, 'au nom du pere'),
('17', 17, '3', 85, 'amours detournes'),
('170', 134, '2', 90, 'l evasion parfaite'),
('171', 135, '1', 105, 'pilotes de choix'),
('172', 137, '1', 90, 'les amateurs'),
('173', 138, '2', 95, 'les chiens enrages'),
('174', 77, '1', 80, 'des lames et des femmes'),
('175', 139, '1', 105, 'blessure d amour'),
('176', 140, '1', 115, 'le miroir se brisa'),
('177', 78, '3', 105, 'suspiria'),
('178', 142, '1', 100, 'el dorado'),
('179', 143, '1', 185, 'guerres aux mains sales'),
('18', 16, '1', 120, 'zone interdite'),
('180', 144, '2', 125, 'histoire de bruce lee'),
('181', 145, '1', 110, 'les copains d abord'),
('182', 146, '1', 115, 'brewester & 6 chenapans'),
('183', 150, '1', 110, 'cape et poignard'),
('184', 147, '1', 145, 'une etoile est nee'),
('185', 148, '1', 95, 'la salle de bain'),
('186', 149, '1', 100, 'qd ls jumelles s emmelent'),
('187', 120, '1', 100, 'le club des ex'),
('19', 18, '2', 105, 'meteor'),
('2', 2, '1', 100, 'les rois du sport'),
('20', 19, '1', 105, 'la bataille el alamein'),
('21', 24, '2', 105, 'folie amoureuse'),
('22', 26, '3', 90, 'le cavalier du diable'),
('23', 41, '1', 50, 'cosby mysteries'),
('24', 106, '1', 85, 'par amour pour gillian'),
('25', 20, '3', 115, 'psychose 2'),
('26', 23, '1', 105, 'mambo et tcha tcha'),
('27', 21, '1', 125, 'bataille rio de la plata'),
('28', 29, '2', 135, 'henry et june'),
('29', 158, '1', 55, 'faut pas rever'),
('3', 8, '1', 30, 'le juste prix'),
('30', 22, '1', 100, 'au hasard baltazar'),
('31', 28, '1', 110, 'monsieur le depute'),
('32', 27, '1', 130, 'last action hero'),
('33', 98, '1', 210, 'foot:ligue des champions'),
('34', 61, '1', 40, 'exclusif'),
('35', 63, '1', 25, 'amour, gloire et beaute'),
('36', 99, '1', 40, 'les z amours'),
('37', 35, '1', 60, 'derrick:mauvaise reussite'),
('38', 36, '1', 40, 'la chance aux chansons'),
('39', 64, '1', 30, 'ds chiffres & des lettres'),
('4', 4, '1', 125, 'football : metz-nantes'),
('40', 100, '1', 105, 'nora'),
('41', 101, '1', 110, 'ca se discute'),
('42', 67, '1', 25, 'a table'),
('43', 102, '1', 35, 'c est pas sorcier'),
('44', 104, '1', 50, 'un siecle d ecrivains'),
('45', 103, '1', 130, 'des racines et des ailes'),
('46', 105, '1', 75, ';r;'),
('47', 107, '2', 120, 'speed 2'),
('48', 108, '1', 90, 'un grand cri d amour'),
('49', 109, '1', 30, 'au nom de la loi'),
('5', 5, '1', 35, 'video gag'),
('50', 110, '1', 55, 'coeur caraibes'),
('51', 113, '1', 145, 'ariane a naxos'),
('52', 111, '1', 105, 'vacances volees'),
('53', 112, '1', 100, 'ally mcbeal'),
('54', 115, '1', 115, 'richard coeur de lion'),
('55', 121, '1', 90, 'la croix et la maniere'),
('56', 172, '1', 25, 'pyramide'),
('57', 37, '1', 30, 'questions pr un champion'),
('58', 114, '1', 220, 'operation nadine'),
('59', 119, '1', 135, 'yanks'),
('6', 6, '1', 125, 'vivement dimanche'),
('60', 122, '1', 55, 'special lingerie'),
('61', 38, '1', 105, 'jumanji'),
('62', 118, '2', 110, 'bound'),
('63', 116, '1', 120, 'taggart:fausse note'),
('64', 51, '1', 105, 'gil blas de santiliane'),
('65', 117, '1', 100, 'un sac de billes'),
('66', 30, '1', 50, 'les feux de l amour'),
('67', 33, '1', 105, 'un homme en colere'),
('68', 31, '1', 55, 'arabesque'),
('69', 34, '1', 90, 'y a pas photo !'),
('7', 7, '1', 80, 'stade 2'),
('70', 32, '1', 25, 'sunset beach'),
('71', 35, '1', 65, 'derrick:tous a bord'),
('72', 37, '1', 35, 'ds chiffres & des lettres'),
('73', 110, '1', 105, 'les montagnes bleues (1)'),
('74', 39, '1', 50, 'l entretien'),
('75', 173, '1', 30, 'amoureusement votre'),
('76', 40, '1', 105, 'les louves'),
('77', 41, '1', 30, 'cosby'),
('78', 43, '1', 120, 'le nouveau monde'),
('79', 42, '2', 130, 'les valseuses'),
('8', 6, '1', 35, 'vive dimanche prochain'),
('80', 44, '2', 120, 'ne pas avaler'),
('81', 136, '2', 115, 'les pleins pouvoirs'),
('82', 162, '1', 5, 'le journal du cinema'),
('83', 75, '1', 55, 't.v. +'),
('84', 45, '1', 120, 'le septieme jure'),
('85', 46, '1', 105, 'scene menage au paradis'),
('86', 48, '1', 85, 'i was on mars'),
('87', 47, '2', 115, 'money train'),
('88', 35, '1', 55, 'derrick'),
('89', 49, '1', 110, 'les tortues ninja'),
('9', 3, '2', 110, 'piege a grande vitesse'),
('90', 50, '2', 95, 'descente aux enfers'),
('91', 51, '1', 105, 'gil blas de santiliane'),
('92', 53, '2', 105, 'les petits calins'),
('93', 52, '2', 105, 'outland'),
('94', 60, '1', 95, 'man trouble'),
('95', 54, '1', 30, 'rallye raid'),
('96', 55, '1', 60, 'boxe:cooper/gaudens'),
('97', 56, '1', 105, 'un joueur a la hauteur'),
('98', 57, '1', 115, 'les revoltes du bounty'),
('99', 58, '2', 95, 'just friends');

-- --------------------------------------------------------

--
-- Structure de la table `realisateur`
--

CREATE TABLE IF NOT EXISTS `realisateur` (
  `realisateur_id` smallint(6) NOT NULL AUTO_INCREMENT,
  `nom_realisateur` varchar(20) DEFAULT NULL,
  PRIMARY KEY (`realisateur_id`)
) ENGINE=InnoDB DEFAULT CHARSET=latin1;

--
-- Contenu de la table `realisateur`
--

INSERT INTO `realisateur` (`realisateur_id`, `nom_realisateur`) VALUES
(1, 'mel gibson'),
(2, 'pierre colombier'),
(3, 'geoff murphy'),
(4, 'thierry roland'),
(5, 'bernard montiel'),
(6, 'michel drucker'),
(7, 'pierre sled'),
(8, 'philippe risoli'),
(9, 'henri sannier'),
(10, 'christine okrent'),
(11, 'alain resnais'),
(12, 'wim wenders'),
(13, 'pat o connor'),
(14, 'olivier chiabodo'),
(15, 'yves noel'),
(16, 'bernard de la villar'),
(17, 'a. isserman'),
(18, 'ronald neame'),
(19, 'giorgio ferroni'),
(20, 'richard franklin'),
(21, 'michael powell'),
(22, 'robert bresson'),
(23, 'bernadette lafont'),
(24, 'robbie coltrane'),
(25, 'robin davis'),
(26, 'ernest dickerson'),
(27, 'john mc tiernan'),
(28, 'jonathan lynn'),
(29, 'philip kaufman'),
(30, 'eric braeden'),
(31, 'angela lansbury'),
(32, 'clive robertson'),
(33, 'denis malleval'),
(34, 'pierre bataille'),
(35, 'horst tappert'),
(36, 'pascal sevran'),
(37, 'julien lepers'),
(38, 'robin williams'),
(39, 'alain duhamel'),
(40, 'jean marc seban'),
(41, 'bill cosby'),
(42, 'bertrand blier'),
(43, 'alain corneau'),
(44, 'gary oldman'),
(45, 'georges lautner'),
(46, 'di drew'),
(47, 'joseph ruben'),
(48, 'dani levy'),
(49, 'stuart gillard'),
(50, 'bill corcoran'),
(51, 'rene jolivet'),
(52, 'peter hyams'),
(53, 'jean marie poire'),
(54, 'gerard fusil'),
(55, 'd. jefferson'),
(56, 'p. michael glaser'),
(57, 'lewis milestone'),
(58, 'marc h. wajnberg'),
(59, 'roger spottiswoode'),
(60, 'bob rafelson'),
(61, 'emmanuelle gaume'),
(62, 'david jones'),
(63, 'john mc cook'),
(64, 'laurent romejko'),
(65, 'pepita'),
(66, 'mireille dumas'),
(67, 'maite'),
(68, 'j.l. petitrenaud'),
(69, 'olivier barrot'),
(70, 'philippe bouvard'),
(71, 'elise lucet'),
(72, 'al pacino'),
(73, 'g. pan cosmatos'),
(74, 'eric schaeffer'),
(75, 'm. olivier fogiel'),
(76, 'christophe smith'),
(77, 'j.p. zern'),
(78, 'dario argento'),
(79, 'philippe bruet'),
(80, 'brian dennehy'),
(81, 'caroline avon'),
(82, 'françois clemenceau'),
(83, 'nathaniel gutman'),
(84, 'b. queysanne'),
(85, 'gary sherman'),
(86, 'hal barwood'),
(87, 'ellen c.'),
(88, 'kenny ortega'),
(89, 'sandrine veysset'),
(90, 'john badham'),
(91, 'robert benton'),
(92, 'jean j. annaud'),
(93, 'cherry b.'),
(94, 'franz o. giesbert'),
(95, 'jacques fansten'),
(96, 'gilles bourdos'),
(97, 'lagaf'),
(98, 'roger zabel'),
(99, 'j. l. reichmann'),
(100, 'edouard molinaro'),
(101, 'j. l. delarue'),
(102, 'frederic courant'),
(103, 'patrick de carolis'),
(104, 'bernard rapp'),
(105, 'eugene lourie'),
(106, 'michael pressman'),
(107, 'jan de bont'),
(108, 'josiane balasko'),
(109, 'steve mac queen'),
(110, 'paolo barzman'),
(111, 'olivier panchot'),
(112, 'calista flockhart'),
(113, 'felix breisach'),
(114, 'john strickland'),
(115, 'rex harrison'),
(116, 'peter barberfleming'),
(117, 'paul e. schulmann'),
(118, 'larry wachowski'),
(119, 'john schlesinger'),
(120, 'hugh wilson'),
(121, 'ben lewin'),
(122, 'lagerfield'),
(123, 'r. d. anderson'),
(124, 'nicolas ribowski'),
(125, 'sophie davant'),
(126, 'paul nahon'),
(127, 'duccio tessari'),
(128, 'marie laure augry'),
(129, 'valerie expert'),
(130, 'daniel danneyrolles'),
(131, 'alexandre debanne'),
(132, 'martin tony'),
(133, 'jim sheridan'),
(134, 'armand mastroianni'),
(135, 'robert markowitz'),
(136, 'clint eastwood'),
(137, 'alan taylor'),
(138, 'mario bava'),
(139, 'jack bender'),
(140, 'guy hamilton'),
(141, 'bernd schadewald'),
(142, 'marcel herbier'),
(143, 'reinhart lohmann'),
(144, 'rob cohen'),
(145, 'lawrence kasdan'),
(146, 'daniel petrie'),
(147, 'george cukor'),
(148, 'john m. lvoff'),
(149, 'jim abrahams'),
(150, 'fritz lang'),
(151, 'arthur'),
(152, 'julien courbet'),
(153, 'bernard pivot'),
(154, 'frederic krevine'),
(155, 'robert aldrich'),
(156, 'rick wallace'),
(157, 'georges pernoud'),
(158, 'sylvain augier'),
(159, 'alain de sedouy'),
(160, 'tsui hark'),
(161, 'arnold barkus'),
(162, 'isabelle giordano'),
(163, 'tom shadyac'),
(164, 's. pillsbury'),
(165, 'olivier carreras'),
(166, 'chris carpenter'),
(167, 'paul carpita'),
(168, 'noel black'),
(169, 'jean y. pavel'),
(170, 'david fincher'),
(171, 'jacques demy'),
(172, 'jacques vidermann'),
(173, 'philip brown'),
(174, 'michael kael'),
(175, 'jodie melrose'),
(176, 'thierry gilardi');

-- --------------------------------------------------------

--
-- Structure de la table `type_diffusion`
--

CREATE TABLE IF NOT EXISTS `type_diffusion` (
  `type_id` smallint(10) NOT NULL AUTO_INCREMENT,
  `libelle` varchar(15) NOT NULL,
  PRIMARY KEY (`type_id`)
) ENGINE=InnoDB DEFAULT CHARSET=latin1;

--
-- Contenu de la table `type_diffusion`
--

INSERT INTO `type_diffusion` (`type_id`, `libelle`) VALUES
('1', 'pour la famille'),
('2', 'scene delicate'),
('3', 'pour adulte');

--
-- Contraintes pour les tables exportées
--

--
-- Contraintes pour la table `programmation`
--
ALTER TABLE `programmation`
  ADD CONSTRAINT `fk_programm_chaine_id` FOREIGN KEY (`chaine_id`) REFERENCES `chaine` (`chaine_id`),
  ADD CONSTRAINT `fk_programmation_programme_id` FOREIGN KEY (`programme_id`) REFERENCES `programmes` (`programme_id`);

--
-- Contraintes pour la table `programmes`
--
ALTER TABLE `programmes`
  ADD CONSTRAINT `fk_programm_type_id` FOREIGN KEY (`type_id`) REFERENCES `type_diffusion` (`type_id`),
  ADD CONSTRAINT `fk_programm_realiseur_id` FOREIGN KEY (`realisateur_id`) REFERENCES `realisateur` (`realisateur_id`);

/*!40101 SET CHARACTER_SET_CLIENT=@OLD_CHARACTER_SET_CLIENT */;
/*!40101 SET CHARACTER_SET_RESULTS=@OLD_CHARACTER_SET_RESULTS */;
/*!40101 SET COLLATION_CONNECTION=@OLD_COLLATION_CONNECTION */;
